StoreSizeBin,Avg_Weekly_Sales
Small,8157.98726017332
Medium,14002.123313791539
Large,20478.17135186554
