IsHoliday,Count,Total_Sales,Avg_Weekly_Sales
False,391909,6231919435.55,15901.445069008367
True,29661,505299551.56,17035.823187350394
