Has_Promo,Count,Total_Sales,Avg_Weekly_Sales
False,270138,4287501214.71,15871.522017302268
True,151432,2449717772.4,16177.015243805801
